"ID","Category","Name","Status","Total","NonCompliant","C","D","R","E_i","E_norm","Effort","Objects","Remediation"
"2.4","base","Host image profile acceptance level must be  PartnerSupported or higher ","COMPLIANT","2","0","1","0","1","0,65","0","BASSO","","# Set the Software AcceptanceLevel for each host  Foreach ($VMHost in Get-VMHost ) {  $ESXCli = Get-EsxCli -VMHost $VMHost  $ESXCli.software.acceptance.Set(""PartnerSupported"")  }"
"2.6","base","Host must have reliable time synchronization sources","COMPLIANT","2","0","1","1","1","1","0,175","BASSO","","# Set the NTP Settings for all hosts  # If an internal NTP server is used, replace pool.ntp.org with   # the IP address or the Fully Qualified Domain Name (FQDN) of the internal  NTP server  $NTPServers = ""pool.ntp.org"", ""pool2.ntp.org""  Get-VMHost | Add-VmHostNtpServer $NTPServers"
"2.10","base","Host must restrict inter-VM transparent page sharing","COMPLIANT","2","0","1","0","1","0,65","0","BASSO","","Get-VMHost | Get-AdvancedSetting -Name Mem.ShareForceSalting | Set AdvancedSetting -Value 2"
"3.1","management","Host should deactivate SSH ","COMPLIANT","2","0","1","1","1","1","0,175","BASSO","","# Set SSH to start manually rather than automatically for all hosts  Get-VMHost | Get-VMHostService | Where { $_.key -eq ""TSM-SSH"" } | Set VMHostService -Policy Off"
"3.2","management","Host must deactivate the ESXi shell","COMPLIANT","2","0","1","1","1","1","0,175","BASSO","","# Set the ESXi shell to start manually rather than automatically for all  hosts  Get-VMHost | Get-VMHostService | Where { $_.key -eq ""TSM"" } | Set VMHostService -Policy Off"
"3.3","management","Host must deactivate the ESXi Managed Object Browser  (MOB)","COMPLIANT","2","0","2","0","2","1,3","0,325","BASSO","","You must disable MOB from the vSphere interface not via the vim-cmd  proxysvc/service_list  command."
"3.7","management","Host must automatically terminate idle DCUI sessions ","COMPLIANT","2","0","1","0","1","0,65","0","BASSO","","Get-VMHost | Get-AdvancedSetting -Name UserVars.DcuiTimeOut | Set AdvancedSetting -Value 600"
"3.8","management","Host must automatically terminate idle shells","COMPLIANT","2","0","1","0","1","0,65","0","BASSO","","# Set Remove UserVars.ESXiShellInteractiveTimeOut to 300 on all hosts  Get-VMHost | Get-AdvancedSetting -Name 'UserVars.ESXiShellInteractiveTimeOut'  | Set-AdvancedSetting -Value ""300"""
"3.9","management","Host must automatically deactivate shell services","COMPLIANT","2","0","1","0","1","0,65","0","BASSO","","# Set UserVars.ESXiShellTimeOut to 3600 on all hosts  Get-VMHost | Get-AdvancedSetting -Name 'UserVars.ESXiShellTimeOut' | Set AdvancedSetting -Value ""3600"""
"3.12","management","Host must lock an account after a specified number of  failed login attempts","COMPLIANT","2","0","1","0","1","0,65","0","BASSO","","Get-VMHost | Get-AdvancedSetting -Name Security.AccountLockFailures | Set AdvancedSetting -Value 5"
"3.13","management","Host must unlock accounts after a specified timeout  period","COMPLIANT","2","0","1","0","1","0,65","0","BASSO","","Get-VMHost | Get-AdvancedSetting -Name Security.AccountUnlockTime | Set AdvancedSetting -Value 900"
"3.20","management","Host must enable normal lockdown mode","NON-COMPLIANT","2","2","2","1","2","1,65","0,5","MEDIO","esxi-host-13.lab.local | esxi-host-14.lab.local","# Enable lockdown mode for each host  Get-VMHost | Foreach { $_.EnterLockdownMode() }"
"3.21","management","Host should enable strict lockdown mode","NON-COMPLIANT","2","2","3","2","3","2,65","1","ALTO","esxi-host-13.lab.local (mode=lockdownDisabled) | esxi-host-14.lab.local (mode=lockdownDisabled)","# Enable lockdown mode for each host  Get-VMHost | Foreach { $_.EnterLockdownMode() }"
"4.2","logging","Host must transmit system logs to a remote log collector ","COMPLIANT","2","0","2","0","1","1,05","0,2","BASSO","","# Set Syslog.global.logHost for each host  Get-VMHost | Foreach { Set-AdvancedSetting -VMHost $_ -Name  Syslog.global.logHost -Value ""<NewLocation>"" }"
"5.6","network","Host should reject forged transmits on standard virtual  switches and port groups","COMPLIANT","0","0","1","0","1","0,65","0","BASSO","","# esxcli network vswitch standard policy security set -v vSwitch2 -f false"
"5.7","network","Host should reject MAC address changes on standard  virtual switches and port groups","COMPLIANT","0","0","1","0","1","0,65","0","BASSO","","# esxcli network vswitch standard policy security set -v vSwitch2 -m false"
"5.8","network","Host should reject promiscuous mode requests on  standard virtual switches and port groups","COMPLIANT","0","0","1","0","1","0,65","0","BASSO","","# esxcli network vswitch standard policy security set -v vSwitch2 -p false"
"5.9","network","Host must restrict access to a default or native VLAN on  standard virtual switches","COMPLIANT","0","0","2","1","2","1,65","0,5","MEDIO","","1. From the vSphere Web Client, select the host.  2. Click Configure then expand Networking.  3. Select Virtual switches.  4. Expand the Standard vSwitch.  5. View the topology diagram of the switch, which shows the various port groups  associated with that switch.  6. For each port group on the vSwitch, verify and record the VLAN IDs used.  7. If a VLAN ID change is needed, click the name of the port group in the topology  diagram of the virtual switch.  8. Click the Edit settings option.  9. In the Properties section, enter an appropriate name in the Network label field.  10. In the VLAN ID dropdown select or type a new VLAN.  11. Click OK."
"5.10","network","Host must restrict the use of Virtual Guest Tagging  (VGT) on standard virtual switches","COMPLIANT","0","0","2","1","2","1,65","0,5","MEDIO","","1. From the vSphere Web Client, select the host.  2. Click Configure then expand Networking.  3. Select Virtual switches.  4. Expand the Standard vSwitch.  5. View the topology diagram of the switch, which shows the various port groups  associated with that switch.  6. For each port group on the vSwitch, verify and record the VLAN IDs used.  7. If a VLAN ID change is needed, click the name of the port group in the topology  diagram of the virtual switch.  8. Click the Edit settings option.  9. In the Properties section, enter an appropriate name in the Network label field.  10. In the VLAN ID dropdown select or type a new VLAN.  11. Click OK."
"6.3.1","features","Host iSCSI client, if enabled, must employ  bidirectional/mutual CHAP authentication","NON-COMPLIANT","2","2","2","1","2","1,65","0,5","MEDIO","Host=esxi-host-13.lab.local Adapter=vmhba65 (ChapType=) | Host=esxi-host-14.lab.local Adapter=vmhba65 (ChapType=)","# Set the Chap settings for the Iscsi Adapter  Get-VMHost | Get-VMHostHba | Where {$_.Type -eq ""Iscsi""} | Set-VMHostHba  #Use desired parameters here"
"7.4","virtual-machines","Virtual machines should deactivate 3D graphics features  when not required","NON-COMPLIANT","35","33","1","0","1","0,65","0","BASSO","VM=vm-0068 (impostazione assente) | VM=vm-0763 (impostazione assente) | VM=vm-0706 (impostazione assente) | VM=vm-0636 (impostazione assente) | VM=vm-1062 (impostazione assente) | VM=vm-0667 (impostazione assente) | VM=vm-0004 (impostazione assente) | VM=vm-0637 (impostazione assente) | VM=vm-0467 (impostazione assente) | VM=vm-0762 (impostazione assente) | VM=vm-0661 (impostazione assente) | VM=vm-0660 (impostazione assente) | VM=vm-0508 (impostazione assente) | VM=vm-0499 (impostazione assente) | VM=vm-0662 (impostazione assente) | VM=vm-0325 (impostazione assente) | VM=vm-0326 (impostazione assente) | VM=vm-0502 (impostazione assente) | VM=vm-0506 (impostazione assente) | VM=vm-0500 (impostazione assente) | VM=vm-0507 (impostazione assente) | VM=vm-0504 (impostazione assente) | VM=vm-0501 (impostazione assente) | VM=vm-0505 (impostazione assente) | VM=vm-0503 (impostazione assente) | VM=vm-0602 (impostazione assente) | VM=vm-0928 (impostazione assente) | VM=vm-0199 (impostazione assente) | VM=vm-0197 (impostazione assente) | VM=vm-0379 (impostazione assente) | VM=vm-0324 (impostazione assente) | VM=vm-0659 (impostazione assente) | VM=vm-0198 (impostazione assente)","Get-VM -Name $VM | Get-AdvancedSetting mks.enable3d | Set-AdvancedSetting  Value FALSE"
"7.5","virtual-machines","Virtual machines must be configured to lock when the last  console connection is closed","NON-COMPLIANT","35","23","1","0","1","0,65","0","BASSO","VM=vm-0068 (valore=FALSE) | VM=vm-0763 (valore=FALSE) | VM=vm-0706 (valore=FALSE) | VM=vm-0636 (valore=FALSE) | VM=vm-0667 (valore=FALSE) | VM=vm-0004 (valore=FALSE) | VM=vm-0637 (valore=FALSE) | VM=vm-0467 (valore=FALSE) | VM=vm-0762 (valore=FALSE) | VM=vm-0661 (valore=FALSE) | VM=vm-0660 (valore=FALSE) | VM=vm-0662 (valore=FALSE) | VM=vm-0928 (valore=FALSE) | VM=vm-0199 (valore=FALSE) | VM=vm-0197 (valore=FALSE) | VM=vm-0659 (valore=FALSE) | VM=vm-0198 (valore=FALSE) | VM=vm-1062 (impostazione assente) | VM=vm-0325 (impostazione assente) | VM=vm-0326 (impostazione assente) | VM=vm-0602 (impostazione assente) | VM=vm-0379 (impostazione assente) | VM=vm-0324 (impostazione assente)","Get-VM -Name $VM | New-AdvancedSetting -Name tools.guest.desktop.autolock  $True"
"7.6","virtual-machines","Virtual machines must limit console sharing.","NON-COMPLIANT","35","30","1","0","1","0,65","0","BASSO","VM=vm-0068 (valore=-1) | VM=vm-0508 (valore=-1) | VM=vm-0499 (valore=-1) | VM=vm-0502 (valore=-1) | VM=vm-0506 (valore=-1) | VM=vm-0500 (valore=-1) | VM=vm-0507 (valore=-1) | VM=vm-0504 (valore=-1) | VM=vm-0501 (valore=-1) | VM=vm-0505 (valore=-1) | VM=vm-0503 (valore=-1) | VM=vm-0763 (impostazione assente) | VM=vm-0706 (impostazione assente) | VM=vm-0636 (impostazione assente) | VM=vm-1062 (impostazione assente) | VM=vm-0667 (impostazione assente) | VM=vm-0004 (impostazione assente) | VM=vm-0637 (impostazione assente) | VM=vm-0467 (impostazione assente) | VM=vm-0762 (impostazione assente) | VM=vm-0661 (impostazione assente) | VM=vm-0660 (impostazione assente) | VM=vm-0662 (impostazione assente) | VM=vm-0602 (impostazione assente) | VM=vm-0928 (impostazione assente) | VM=vm-0199 (impostazione assente) | VM=vm-0197 (impostazione assente) | VM=vm-0379 (impostazione assente) | VM=vm-0659 (impostazione assente) | VM=vm-0198 (impostazione assente)","# Add the setting to all VMs  Get-VM | New-AdvancedSetting -Name ""RemoteDisplay.maxConnections"" -value 1                                        OPPURE # Add the setting to all VMs  Get-VM | New-AdvancedSetting -Name ""RemoteDisplay.maxConnections"" -value 1  Force"
"7.7","virtual-machines","Virtual machines must limit PCI/PCIe device passthrough  functionality","COMPLIANT","35","0","2","2","2","2","0,675","MEDIO","","# Add the setting to all VMs  Get-VM | New-AdvancedSetting -Name ""pciPassthru*.present"" -value """""
"7.8","virtual-machines","Ensure unauthorized modification and disconnection of  devices is disabled","NON-COMPLIANT","35","30","1","0","1","0,65","0","BASSO","VM=vm-0068 (impostazione assente) | VM=vm-0763 (impostazione assente) | VM=vm-0706 (impostazione assente) | VM=vm-0636 (impostazione assente) | VM=vm-1062 (impostazione assente) | VM=vm-0667 (impostazione assente) | VM=vm-0004 (impostazione assente) | VM=vm-0637 (impostazione assente) | VM=vm-0467 (impostazione assente) | VM=vm-0762 (impostazione assente) | VM=vm-0661 (impostazione assente) | VM=vm-0660 (impostazione assente) | VM=vm-0508 (impostazione assente) | VM=vm-0499 (impostazione assente) | VM=vm-0662 (impostazione assente) | VM=vm-0502 (impostazione assente) | VM=vm-0506 (impostazione assente) | VM=vm-0500 (impostazione assente) | VM=vm-0507 (impostazione assente) | VM=vm-0504 (impostazione assente) | VM=vm-0501 (impostazione assente) | VM=vm-0505 (impostazione assente) | VM=vm-0503 (impostazione assente) | VM=vm-0602 (impostazione assente) | VM=vm-0928 (impostazione assente) | VM=vm-0199 (impostazione assente) | VM=vm-0197 (impostazione assente) | VM=vm-0379 (impostazione assente) | VM=vm-0659 (impostazione assente) | VM=vm-0198 (impostazione assente)","# Add the setting to all VMs  Get-VM | New-AdvancedSetting -Name ""isolation.device.edit.disable"" -value  $true"
"7.9","virtual-machines","Virtual machines must prevent unauthorized connection  of devices","NON-COMPLIANT","35","32","1","0","1","0,65","0","BASSO","VM=vm-0068 (impostazione assente) | VM=vm-0763 (impostazione assente) | VM=vm-0706 (impostazione assente) | VM=vm-0636 (impostazione assente) | VM=vm-1062 (impostazione assente) | VM=vm-0667 (impostazione assente) | VM=vm-0004 (impostazione assente) | VM=vm-0637 (impostazione assente) | VM=vm-0467 (impostazione assente) | VM=vm-0762 (impostazione assente) | VM=vm-0661 (impostazione assente) | VM=vm-0660 (impostazione assente) | VM=vm-0508 (impostazione assente) | VM=vm-0499 (impostazione assente) | VM=vm-0662 (impostazione assente) | VM=vm-0502 (impostazione assente) | VM=vm-0506 (impostazione assente) | VM=vm-0500 (impostazione assente) | VM=vm-0507 (impostazione assente) | VM=vm-0504 (impostazione assente) | VM=vm-0501 (impostazione assente) | VM=vm-0505 (impostazione assente) | VM=vm-0503 (impostazione assente) | VM=vm-0602 (impostazione assente) | VM=vm-0928 (impostazione assente) | VM=vm-0199 (impostazione assente) | VM=vm-0197 (impostazione assente) | VM=vm-0379 (impostazione assente) | VM=vm-0659 (impostazione assente) | VM=vm-0198 (impostazione assente) | VM=vm-1054 (impostazione assente) | VM=vm-1051 (impostazione assente)","# Add the setting to all VMs  Get-VM | New-AdvancedSetting -Name ""isolation.device.connectable.disable""  value $true"
"7.12","virtual-machines","Virtual machines must remove unnecessary USB/XHCI  devices","COMPLIANT","35","0","1","1","2","1,25","0,3","BASSO","","# Remove all USB Devices attached to VMs  Get-VM | Get-USBDevice | Remove-USBDevice"
"7.13","virtual-machines","Virtual machines must remove unnecessary serial port  devices","COMPLIANT","35","0","1","1","2","1,25","0,3","BASSO","","# In this Example you will need to add the functions from this post:  http://blogs.vmware.com/vipowershell/2012/05/working-with-vm-devices-in powercli.html  # Remove all Serial Ports attached to VMs  Get-VM | Get-SerialPort | Remove-SerialPort"
"7.14","virtual-machines","Virtual machines must remove unnecessary parallel port  devices","COMPLIANT","35","0","1","1","2","1,25","0,3","BASSO","","# In this Example you will need to add the functions from this post:  http://blogs.vmware.com/vipowershell/2012/05/working-with-vm-devices-in powercli.html  # Remove all Parallel Ports attached to VMs  Get-VM | Get-ParallelPort | Remove-ParallelPort"
"7.15","virtual-machines","Virtual machines must remove unnecessary CD/DVD  devices ","COMPLIANT","35","0","1","0","1","0,65","0","BASSO","","# Remove all CD/DVD Drives attached to VMs  Get-VM | Get-CDDrive | Remove-CDDrive"
"7.16","virtual-machines","Virtual machines must remove unnecessary floppy  devices","COMPLIANT","35","0","1","0","1","0,65","0","BASSO","","# Remove all Floppy drives attached to VMs  Get-VM | Get-FloppyDrive | Remove-FloppyDrive"
"7.17","virtual-machines","Virtual machines must deactivate console drag and drop  operations ","NON-COMPLIANT","35","35","1","0","1","0,65","0","BASSO","VM=vm-0325 (valore=FALSE) | VM=vm-0326 (valore=FALSE) | VM=vm-0324 (valore=FALSE) | VM=vm-0068 (impostazione assente) | VM=vm-0763 (impostazione assente) | VM=vm-0706 (impostazione assente) | VM=vm-0636 (impostazione assente) | VM=vm-1062 (impostazione assente) | VM=vm-0667 (impostazione assente) | VM=vm-0004 (impostazione assente) | VM=vm-0637 (impostazione assente) | VM=vm-0467 (impostazione assente) | VM=vm-0762 (impostazione assente) | VM=vm-0661 (impostazione assente) | VM=vm-0660 (impostazione assente) | VM=vm-0508 (impostazione assente) | VM=vm-0499 (impostazione assente) | VM=vm-0662 (impostazione assente) | VM=vm-0502 (impostazione assente) | VM=vm-0506 (impostazione assente) | VM=vm-0500 (impostazione assente) | VM=vm-0507 (impostazione assente) | VM=vm-0504 (impostazione assente) | VM=vm-0501 (impostazione assente) | VM=vm-0505 (impostazione assente) | VM=vm-0503 (impostazione assente) | VM=vm-0602 (impostazione assente) | VM=vm-0928 (impostazione assente) | VM=vm-0199 (impostazione assente) | VM=vm-0197 (impostazione assente) | VM=vm-0379 (impostazione assente) | VM=vm-0659 (impostazione assente) | VM=vm-0198 (impostazione assente) | VM=vm-1054 (impostazione assente) | VM=vm-1051 (impostazione assente)","# Add the setting to all VMs  Get-VM -Name $VM | Remove-AdvancedSetting -Name isolation.tools.dnd.disable"
"7.18","virtual-machines","Virtual machines must deactivate console copy  operations","NON-COMPLIANT","35","32","1","0","1","0,65","0","BASSO","VM=vm-0068 (impostazione assente) | VM=vm-0763 (impostazione assente) | VM=vm-0706 (impostazione assente) | VM=vm-0636 (impostazione assente) | VM=vm-1062 (impostazione assente) | VM=vm-0667 (impostazione assente) | VM=vm-0004 (impostazione assente) | VM=vm-0637 (impostazione assente) | VM=vm-0467 (impostazione assente) | VM=vm-0762 (impostazione assente) | VM=vm-0661 (impostazione assente) | VM=vm-0660 (impostazione assente) | VM=vm-0508 (impostazione assente) | VM=vm-0499 (impostazione assente) | VM=vm-0662 (impostazione assente) | VM=vm-0502 (impostazione assente) | VM=vm-0506 (impostazione assente) | VM=vm-0500 (impostazione assente) | VM=vm-0507 (impostazione assente) | VM=vm-0504 (impostazione assente) | VM=vm-0501 (impostazione assente) | VM=vm-0505 (impostazione assente) | VM=vm-0503 (impostazione assente) | VM=vm-0602 (impostazione assente) | VM=vm-0928 (impostazione assente) | VM=vm-0199 (impostazione assente) | VM=vm-0197 (impostazione assente) | VM=vm-0379 (impostazione assente) | VM=vm-0659 (impostazione assente) | VM=vm-0198 (impostazione assente) | VM=vm-1054 (impostazione assente) | VM=vm-1051 (impostazione assente)","# Add the setting to all VMs  Get-VM | New-AdvancedSetting -Name ""isolation.tools.copy.disable"" -value  $true"
"7.19","virtual-machines","Virtual machines must deactivate console paste  operations","NON-COMPLIANT","35","32","1","0","1","0,65","0","BASSO","VM=vm-0068 (impostazione assente) | VM=vm-0763 (impostazione assente) | VM=vm-0706 (impostazione assente) | VM=vm-0636 (impostazione assente) | VM=vm-1062 (impostazione assente) | VM=vm-0667 (impostazione assente) | VM=vm-0004 (impostazione assente) | VM=vm-0637 (impostazione assente) | VM=vm-0467 (impostazione assente) | VM=vm-0762 (impostazione assente) | VM=vm-0661 (impostazione assente) | VM=vm-0660 (impostazione assente) | VM=vm-0508 (impostazione assente) | VM=vm-0499 (impostazione assente) | VM=vm-0662 (impostazione assente) | VM=vm-0502 (impostazione assente) | VM=vm-0506 (impostazione assente) | VM=vm-0500 (impostazione assente) | VM=vm-0507 (impostazione assente) | VM=vm-0504 (impostazione assente) | VM=vm-0501 (impostazione assente) | VM=vm-0505 (impostazione assente) | VM=vm-0503 (impostazione assente) | VM=vm-0602 (impostazione assente) | VM=vm-0928 (impostazione assente) | VM=vm-0199 (impostazione assente) | VM=vm-0197 (impostazione assente) | VM=vm-0379 (impostazione assente) | VM=vm-0659 (impostazione assente) | VM=vm-0198 (impostazione assente) | VM=vm-1054 (impostazione assente) | VM=vm-1051 (impostazione assente)","# Add the setting to all VMs  Get-VM | New-AdvancedSetting -Name ""isolation.tools.paste.disable"" -value  $true"
"7.21","virtual-machines","Virtual machines must deactivate virtual disk shrinking  operations","NON-COMPLIANT","35","32","1","0","1","0,65","0","BASSO","VM=vm-0068 (impostazione assente) | VM=vm-0763 (impostazione assente) | VM=vm-0706 (impostazione assente) | VM=vm-0636 (impostazione assente) | VM=vm-1062 (impostazione assente) | VM=vm-0667 (impostazione assente) | VM=vm-0004 (impostazione assente) | VM=vm-0637 (impostazione assente) | VM=vm-0467 (impostazione assente) | VM=vm-0762 (impostazione assente) | VM=vm-0661 (impostazione assente) | VM=vm-0660 (impostazione assente) | VM=vm-0508 (impostazione assente) | VM=vm-0499 (impostazione assente) | VM=vm-0662 (impostazione assente) | VM=vm-0502 (impostazione assente) | VM=vm-0506 (impostazione assente) | VM=vm-0500 (impostazione assente) | VM=vm-0507 (impostazione assente) | VM=vm-0504 (impostazione assente) | VM=vm-0501 (impostazione assente) | VM=vm-0505 (impostazione assente) | VM=vm-0503 (impostazione assente) | VM=vm-0602 (impostazione assente) | VM=vm-0928 (impostazione assente) | VM=vm-0199 (impostazione assente) | VM=vm-0197 (impostazione assente) | VM=vm-0379 (impostazione assente) | VM=vm-0659 (impostazione assente) | VM=vm-0198 (impostazione assente) | VM=vm-1054 (impostazione assente) | VM=vm-1051 (impostazione assente)","# Add the setting to all VMs  Get-VM | New-AdvancedSetting -Name ""isolation.tools.diskShrink.disable""  value $true"
"7.22","virtual-machines","Virtual machines must deactivate virtual disk wiping  operations ","NON-COMPLIANT","35","32","1","0","1","0,65","0","BASSO","VM=vm-0068 (impostazione assente) | VM=vm-0763 (impostazione assente) | VM=vm-0706 (impostazione assente) | VM=vm-0636 (impostazione assente) | VM=vm-1062 (impostazione assente) | VM=vm-0667 (impostazione assente) | VM=vm-0004 (impostazione assente) | VM=vm-0637 (impostazione assente) | VM=vm-0467 (impostazione assente) | VM=vm-0762 (impostazione assente) | VM=vm-0661 (impostazione assente) | VM=vm-0660 (impostazione assente) | VM=vm-0508 (impostazione assente) | VM=vm-0499 (impostazione assente) | VM=vm-0662 (impostazione assente) | VM=vm-0502 (impostazione assente) | VM=vm-0506 (impostazione assente) | VM=vm-0500 (impostazione assente) | VM=vm-0507 (impostazione assente) | VM=vm-0504 (impostazione assente) | VM=vm-0501 (impostazione assente) | VM=vm-0505 (impostazione assente) | VM=vm-0503 (impostazione assente) | VM=vm-0602 (impostazione assente) | VM=vm-0928 (impostazione assente) | VM=vm-0199 (impostazione assente) | VM=vm-0197 (impostazione assente) | VM=vm-0379 (impostazione assente) | VM=vm-0659 (impostazione assente) | VM=vm-0198 (impostazione assente) | VM=vm-1054 (impostazione assente) | VM=vm-1051 (impostazione assente)","# Add the setting to all VMs  Get-VM | New-AdvancedSetting -Name ""isolation.tools.diskWiper.disable"" -value  $true"
"7.24","virtual-machines","Virtual machines must not be able to obtain host  information from the hypervisor","NON-COMPLIANT","35","32","1","0","1","0,65","0","BASSO","VM=vm-0068 (impostazione assente) | VM=vm-0763 (impostazione assente) | VM=vm-0706 (impostazione assente) | VM=vm-0636 (impostazione assente) | VM=vm-1062 (impostazione assente) | VM=vm-0667 (impostazione assente) | VM=vm-0004 (impostazione assente) | VM=vm-0637 (impostazione assente) | VM=vm-0467 (impostazione assente) | VM=vm-0762 (impostazione assente) | VM=vm-0661 (impostazione assente) | VM=vm-0660 (impostazione assente) | VM=vm-0508 (impostazione assente) | VM=vm-0499 (impostazione assente) | VM=vm-0662 (impostazione assente) | VM=vm-0502 (impostazione assente) | VM=vm-0506 (impostazione assente) | VM=vm-0500 (impostazione assente) | VM=vm-0507 (impostazione assente) | VM=vm-0504 (impostazione assente) | VM=vm-0501 (impostazione assente) | VM=vm-0505 (impostazione assente) | VM=vm-0503 (impostazione assente) | VM=vm-0602 (impostazione assente) | VM=vm-0928 (impostazione assente) | VM=vm-0199 (impostazione assente) | VM=vm-0197 (impostazione assente) | VM=vm-0379 (impostazione assente) | VM=vm-0659 (impostazione assente) | VM=vm-0198 (impostazione assente) | VM=vm-1054 (impostazione assente) | VM=vm-1051 (impostazione assente)","# Add the setting to all VMs  Get-VM | New-AdvancedSetting -Name ""tools.guestlib.enableHostInfo"" -value  $false"
"7.26","virtual-machines","Virtual machines must limit the number of retained  diagnostic logs","NON-COMPLIANT","35","30","1","0","1","0,65","0","BASSO","VM=vm-0068 (impostazione assente) | VM=vm-0763 (impostazione assente) | VM=vm-0706 (impostazione assente) | VM=vm-0636 (impostazione assente) | VM=vm-1062 (impostazione assente) | VM=vm-0667 (impostazione assente) | VM=vm-0004 (impostazione assente) | VM=vm-0637 (impostazione assente) | VM=vm-0467 (impostazione assente) | VM=vm-0762 (impostazione assente) | VM=vm-0661 (impostazione assente) | VM=vm-0660 (impostazione assente) | VM=vm-0508 (impostazione assente) | VM=vm-0499 (impostazione assente) | VM=vm-0662 (impostazione assente) | VM=vm-0502 (impostazione assente) | VM=vm-0506 (impostazione assente) | VM=vm-0500 (impostazione assente) | VM=vm-0507 (impostazione assente) | VM=vm-0504 (impostazione assente) | VM=vm-0501 (impostazione assente) | VM=vm-0505 (impostazione assente) | VM=vm-0503 (impostazione assente) | VM=vm-0602 (impostazione assente) | VM=vm-0928 (impostazione assente) | VM=vm-0199 (impostazione assente) | VM=vm-0197 (impostazione assente) | VM=vm-0379 (impostazione assente) | VM=vm-0659 (impostazione assente) | VM=vm-0198 (impostazione assente)","# Add the setting to all VMs  Get-VM | New-AdvancedSetting -Name ""log.keepOld"" -value ""10"""
"7.27","virtual-machines","Virtual machines must limit the size of diagnostic logs","NON-COMPLIANT","35","35","1","0","1","0,65","0","BASSO","VM=vm-0325 (valore=100000) | VM=vm-0326 (valore=100000) | VM=vm-0324 (valore=100000) | VM=vm-1054 (valore=2048000) | VM=vm-1051 (valore=2048000) | VM=vm-0068 (impostazione assente) | VM=vm-0763 (impostazione assente) | VM=vm-0706 (impostazione assente) | VM=vm-0636 (impostazione assente) | VM=vm-1062 (impostazione assente) | VM=vm-0667 (impostazione assente) | VM=vm-0004 (impostazione assente) | VM=vm-0637 (impostazione assente) | VM=vm-0467 (impostazione assente) | VM=vm-0762 (impostazione assente) | VM=vm-0661 (impostazione assente) | VM=vm-0660 (impostazione assente) | VM=vm-0508 (impostazione assente) | VM=vm-0499 (impostazione assente) | VM=vm-0662 (impostazione assente) | VM=vm-0502 (impostazione assente) | VM=vm-0506 (impostazione assente) | VM=vm-0500 (impostazione assente) | VM=vm-0507 (impostazione assente) | VM=vm-0504 (impostazione assente) | VM=vm-0501 (impostazione assente) | VM=vm-0505 (impostazione assente) | VM=vm-0503 (impostazione assente) | VM=vm-0602 (impostazione assente) | VM=vm-0928 (impostazione assente) | VM=vm-0199 (impostazione assente) | VM=vm-0197 (impostazione assente) | VM=vm-0379 (impostazione assente) | VM=vm-0659 (impostazione assente) | VM=vm-0198 (impostazione assente)","# Add the setting to all VMs  Get-VM | New-AdvancedSetting -Name ""log.rotateSize"" -value ""1024000"""
